Year,Champion,Runner-Up,photo
2014,Germany,Argentina,https://i.ytimg.com/vi/El4rO-rrPuo/hq720.jpg?sqp=-oaymwEhCK4FEIIDSFryq4qpAxMIARUAAAAAGAElAADIQj0AgKJD&rs=AOn4CLBHu6DpI_agysNjRBKBbgWaZISwPQ
2010,Spain,Netherlands,https://i.ytimg.com/vi/47yOv3MS20M/maxresdefault.jpg
2006,Italy,France,https://i.ytimg.com/vi/FcvJDKlF9_s/maxresdefault.jpg
2002,Brazil,Germany,https://www.aljazeera.com/wp-content/uploads/2022/10/AP02063002228.jpg?resize=1800%2C1800
1998,France,Brazil,https://www.aljazeera.com/wp-content/uploads/2022/10/000_SAPA980713670020.jpg?resize=1727%2C1080
1994,Brazil,Italy,https://i.ytimg.com/vi/7kWv6RNzWmE/hqdefault.jpg
1990,West Germany,Argentina,"data:image/jpeg;base64,/9j/4AAQSkZJRgABAQAAAQABAAD/2wCEAAkGBxMTEhUTExMWFhUXFiAaGBgYGBoaGhgbHhobHRoaGhodHyggGBslHxgdITEhJSkrLi4uGB8zODMsNygtLisBCgoKDg0OGxAQGi0mICUtLS0tLSstMC0tLy8rLS0tLS8tLS0tKy0vLS0vLS0tLS0tLS0rLy0tLS0tLS0tLS0tLf/AABEIALcBEwMBIgACEQEDEQH/xAAcAAABBQEBAQAAAAAAAAAAAAADAAECBAUGBwj/xAA/EAACAQMDAQUGBAUCBQQDAAABAhEAAyEEEjFBBSJRYXEGE4GRofAyscHRBxRC4fEjYjNScoKSFSSywjRDov/EABoBAAMBAQEBAAAAAAAAAAAAAAABAgMEBQb/xAAvEQACAgEDAwIEBQUBAAAAAAAAAQIRAxIhMSJBURNxBGGh8DJCgZHhFCPB0fEF/9oADAMBAAIRAxEAPwDkReB5qrqNMDVdGM/3+lWlnrEeXSKd0YVZnXtH4UJtMI861rqGf1qHuc07DQjK/lxR7Wm45q9/L/pzRksdY/X8qWoPTBaXT55rX0axUbemA5x6nr4VdsWwpyVxyJnqfD0pa0WsZasXiPGrg1XnQrCJwfhBGfuOvjRBtmcwBHGT8eBFLWitDLB1RoF68aNbuACfDn/NVnvyZUCT/Y0tQOJS1FsHpn0rPvaI/YrULA5g/lULggRmTVJmbiYN3TfcVBdLP+K2mtz0mltjp1+/zqtQtCMuzosgYzV+xowDECfSjII8wPvpRLeozPUjxqdTKUEg1gbT4EcR+lXU1jR+I/WqyawACZK8QDzBnPnRkvgAHqTjype5XAca9wMMfrUdRcuwGJ5Hr980V78ZAA/X+1VH1x4/ticinfhFafLMvW6cMJIrK1GhjiuhLbumB9/ChMs9KLM6OeXQnwq9otAJyK0woOPD0HyqaEDw4o1DUUSsnaMYq/71lP45jqDWeLhHT/FW9NqRien3BqWUkWrupfHejzmq91WMkPAAnk5+HPT8qe9qAQcA5+/8VTXUwf8Ad4z9PlQgYJ8iTx8PyqhqNLkiMjnFX3dTk4xHh/igpeiZMj9/Or1MirMW/pfuKrXLB6T8q2nj7xUWTrM+I+X71eoh4zF9y3nTVvLaaMUqNYvSZhJc6AAjn7MT9miLdHiPD18POh3UA5jn4R8BnpTLbGCBiMmYrA3thrTSBxJjz/xRwY5/eq6DOPmB9PWp20OAT3vzz5UMaH8p/SjYj9SefOPWhCwzEiT+3T9IowsgY6z8frj/ABRYlYRr0eJ8xEzRrd8Hx+P1k0IWyZ2jBM+mc/fnSZSOgzGP1oVBbsuoZnAjyPn8sRREvERkePnVCywAHPPh9zRbKAtMHJ5J+8/vQyr8Gg90/vioM/hHyqiXJ4kDPz/ejvMzB8D0zHFFEt2EDsY49P2qPvOkceHzNDZx1DcfmOhqaEYGfn94qkyN7JZJ6gc/cUx4HT5VMpjAIM5xP6+lVmYbsz6Rkn9qm7LqgqGOvpmlvEAgGZMn8vlmkLi7oPHHNCQwInOcxTW43sFRxMEnI6D96Mtzb5jz60LUKMZxAO7zImB8fyoa2iOQRHPlxkCrW4mqdFsXD1A55J5+FIctuaO6TMT1wBHj41UDQw3dR9mie8PAByegn8/ShoETSWJNS95x4D7+NVi5PBPBPpFOUkfr40MQX3vxjpTljjj/ADTJppkyMff6UNr0kBZBI/XipHpoNeIHUznd4Rjjr406Pj75qux55H309KGjeZB8+n2apLYLLLXzmTBoJc8GZ58M0xBaPPzif2+NLU2ypOR5wQQT1gzkedAqbGc/HOR9agzZ/ERn0qO8xjHr+lSdjJmPzigQ/vBGPDx+806kc9ekD6UykDun4GOetBujvcwPDy8MUhsMI/5iKeggg9Y+BpUWKkY1omDJjr61LfAJ3CTmIjBP14+tXbSoHJLhj/T4eHPWKtrrlBgspgc8/fjWTl4Rol5Zk7BwWMYjb18PpRFtNughpHPoM8+lW+0FDPu3Db0GSY8cUrmVILrMzM5wYNPVsGncr27xBwsmCMjx6nxqxaRn5iI6RgTz5HFSthBmRPhODHWT8qlZHMABSuCGyJ6Z+/nSvwNLyTsXIAE8E89RH0ialuDBjjEGT/nrxTkAEGNogEz6mDAHjNK1YZzCqC0Qdp5BAiKPmVXYgt1iY7sRIP60ZS+47Xz1zyD5/GobB/SAJECW69fWj3FxAXPw+nj/AHoFp8g1aAxOIPQeXHPjFEt3WAaf6Yj8ifI8UgGXGIzljxxMDyMU9oLkkjOY8arsT3INu8J5IB5EAT8M9cY9aay7E5A8vXzg1eJtsc7STg5+n34VTu2jJ2iADjwH+aSdg13FdvsIO34HHQf3qQ1jbXBtpLRBMllg52564GQaixY4IETzPEfZpjOO7J+X3/alQm2DQRMEEzkEGccSOmZ86hvwQVHMyDHwirjKREpgH4nymhfD5x14rSJLBGds7ZUjzMHpNNavMIlSQPXjqKJbU9RtPhzPyqaLJA4nx/tVWG/IO4xwUG3oZOaH7wjBEseKKNSBjaTjJnr+1D3FmEAkniOfKiyiF3UtxBA/UHp5Y4oy6kEztKj+onJzifTjFQVcgkFs8eNW7VsOqrDecTzx4eg+VJtBHcA2qAmQ8QD0BzQQ8Qdp2k4yJ+Ph/etG72eyboDggRgyCB4MAQcZkVn3nbcwtzAPUSTyC3H3NEWnwU01uyxatzKhGZhywyoz9Bg0XX6a5aVSyKAwnnkY/L9arWB/psCpksDOeeuOD/egPcEmcAkk/LPw/al1WClGt0FS5/SZEGZEZ+dDvgf0lo6gxx5fWo2T1GT58daPaYQMTyTzmqMwVxl6AwBJzEZ+NSYp0Jzz68T50+5WBE7RO0+JPp4eflUGtCSyOQJ5646/TmjYCABL7Y5OJ8+PQUbtDTi2xUlW2j8VskqTHEkDg4+FWdBq7qEqtwgFhugic+B5HPSqJuqcQxJB46HPj0qLdjaVCF0YnBjw/vT1TvPBIn5sB9DSqqFYKzcDAKUBgTjBmTHwHr1NWW0Q4FpoxmfL960XvKQndJXd3jidu0tIBzGRkiiEHumNoA6d6YMgk9BWOs00ruYy6V9pb3cjfsE8iBJ+OcGpWNCzCFURyZKg58J5OOBNati9aY8RuB4G3kleeRwRmgLcIXc7G5wqHwGSqzHoJqtTIaMrUEH+nptIj8vp581IadASdpCx+Lz8/DqPlWu+qQAA2ySIwfHbySR/uyfPjmgAbywA5/oGRIPX0ppspL5iu2yrb2DHHXgR0OOPKhom4Bu8ScnbmD0x0FWGI2nuFmkjbkloE9ORjjnFEfRXrSszFD3RAEBlJEAERwJzUOaTURqDkmyFyyXbczPOeZ3SOc5kmhX7MbWO+DkTxAMGPlVjT7lCq21SU3d88/8ANPhmi2wb3/DVtit0IgExwpP18qpyUSVHUZwwAMAGP+rJ8aiRH4BJ4/MSKvqu0yhLZjaFDNInugRmI/OgDUiSu0owmRyfTjn4VpqSdEaXyCuoFPJknp9+dGNsr1Jnr4ffNWbiEbHYAhuJgY2kwAOYIodu6C+0WmubQNxVs/7iB4D16UpTS5GoN8AnsED8RzjildUmI/8ALOB4RWw7i7sUrbSZA92vRTyxMmSCPlRU7PtKSu0qWkjvht0Z2xGCR+XnWfqpVqK9N/lOd1DMAJckenpimuAyCzTOcjmPXHFalm3uZYCgbobIIGYkgj4+lX+1tIFHV0JgqWLEHGVnj4VTy1JKuQjibTfgwLiGQSxHXIggH/NC3NDAE7hHeE8H95+tar2luvIt8EhkgCIiBJOB69AaGdI+8oLKtcJlRaElgvQz1HPlFN5EmkwWOW7XBlKxCspzLDjoBMx8/pUrttl7rShAkAgjunqeo8fjVvtbTvaX3hsXUdjCyCcMCcjBGAT8KPd7Kukn+Y92XYiLguZOM7lOZ4z5VWtJ0JY5NWincN0KHJKo/dDEQDAnp6Gg27p7onwIyRETkfKa2tL2XauB1uXGLgMqGQVG2ZBJMkGB86onTqwaLnfw3B24mYECcZjy60lON0ynjlpv/O5C0xVj3iU27scBpyDnP3iq6+8JBB7oJjof78itB+z91pgitcYhSqBlAEQCzNiBEGAMzWdo7ha4UuyDbOVViQAsDEznj5VSmrolwlVlh2vS0gQfmPT6+tCtWZ/HOATKkT48dRVnUEMrbu4Zgu2PqME8dKVpEKgb5UTJXqMEqQRgmJHpRqXHcncnpQhQPbDkExmDjrGMmBUTglQH4w0jgjkkDxMY8abR6NS6ojtO4bRBGSQAw9BMz4VparsASWS9vuZMElJPMAkQfKocop7spXRkrccArhm8SRIyOB0GYz4VDTLdZyoQuSYCgTLeAHqatajSsWLYEiAQfx53DPE/mKP2NrjauC4yg7Tu8Oo8AY9au9tiZFBtU8kG2JHKlRjpnr/ilaLMYAGAzGYggAmD6kQKs9ua9bmpL7QgdpJVtwzJyw5Az0nJoV7s0SdrZJzII28kGTzUNGjVS6XYNUdsi2nz8DFKgo9tRtNsMQTJznNKnXyM9a8m/wDyiTIKjIP4fAjHPWI+NEt2AOdhxB7sD5TzP5mhQamoPhXl6mY6jDseyxDhv5jEzADD6zV5+xJ//YuCIwcR4eHX51oiaeqeWb7lRyuKpGLrOwbrARfAIJJMv16DwFW+y+yjbU72W4xP4izcfKf8VoA1S7Q1wTuQZI56Dy9auE8kuk6vg8U8+XTH9fY0Owjae97ogydxDAmCRkeHh9KJ2/YazbLXRuBYABTyJOfTu/Wuc0epKlbi4YNI+BP0xXU+01t7mkS6SIhX2yCYIjkHABbj9q2cFaZ72b4OGLJGK/DLZ+/8nMN2ppbR3OoYlYCgFjyIncABwetXzcTT6cXFUm0UFyQe9BA7uCMg4k+Ari+2rMgOP6SQfScffnW4bxPZU7j0tx0/4u6fXbI9KuUE0rPNz4XgzSS8bex0Ps/qBqFe7bYH3fICFW3MvA4yYPB+NaNj2ea7fRmsxEs0iNwKELJ8JPz9Ko+x3YvuNHa1ZLFb10TaBxDPstsMcjuk+InyrqNL2zf1DQunKWFcj3m/JK/7IGN3ST59RUSpStuiIweikr8mSnsy5uOrJPu1VtOCVEqQVuKY6jGTzPWhtoW09oblAWYLYmZJ2wM9eK0b3YN20tzUrcL6uD3myDJEKRIELEgYGOIxWR7U29UlhDfYOQ53FQBJIxMAZxHwHjWcmnS3LS0JuNGfoFW5qEtoqy0jfkQ0FoZQBM7Tnxrfv9hOzW1dgF3iHkZIMkAHgyIiuc7AsLccNuIZSGJBPcCncJMcHb1rpfZlmv2EvXnZZJ2W+6AVgBTxKnBMzyx6YD2lVgouC7FO72Xo01mwlUsOj74uHF5IncZJBCz3ePKnXX6K7c2W7jXHAZgpUx3V/oJMOfIx49KlrPZ8NZ9zsFoMCwP4nJGcxjJxOfpXIdidgXV1dpkdTtdWgEg4MleOoxPnxTi72n+hDjTvHx3O79nPZprwe+8WxJKooG5BEjc3JYgg+H5CxpvZq77w7n7wUlYaR3sd7E8T6TVj/W3n3QNt7gX3m6DAU/iGY4LLIB/EOMGjdsdnM+ndWuOS0QUJDFYjYSD3gT0jr5U9k97bRXLpUkzOsdm3bly4x6sD/t94u4SkDqruPljNA13YDM4W7tUh1yrQDIJlsSwO0COcDoa1dL28dLZ260IhEe7SyrHuiAqgGZYESTMcVW0RuXrqXCjbGte83sechRbZP6GAkmCenFO4pqV+wKEqca2+n7mZqPZ+3prquhnJJIxtxxBkBawtfpfe6m29oO/fhtsbdoDEmPMwPCtjtfUsdS1tu7YglGWSVZFJdXABMFZI/wCmOuNXsfV7zZFu2ywpaSBB7oKhiOJ3REjNs54lSdyuyoY9ONquTE7P7FKNcFsFmWN8/wBKgDmIhmxHwpD2XF1i5RrbCd21AGaSCZgSTjzrS0mr1Nm63vQLj6m4gbbgJtD9ADICgDn4mr2s7U1MXLlq2puFggVydo/3juguASQIIkAccURlHVqcgljlp0Jbffc4/Xey29C5uGFvMgmOQAZPAggiOsfKs3sT2ZvvdNsEkFQSU/DhuDMDzjyrutFd1CWimpi+LtwAsAAFdmAiI/CAZkZ7vqat6W1cKObaLpy1qFja4Vm8BHeIAUzgZ60ep1KVkegtDi1+tnGdiaIDVXLavJ04gnulSQCCikZJyR6qfCrOum7AUmQJhAJjrA5wJNdB7INb0zXNM4Vdu64LuJddw3bzzuUmSSeCD4xdTtHQhmu6c22OWulJBCdSAR1+AqZxeR6rGtGK4pWcHa7MCge9dtv9EqSpiM5II+R5ow0hJLL3kk7p8kLd3OQQQc+FXdPqU1Ue6Qudx2rIYp5d0wIHjRhqrK3P5clTctACNxByo/D44OYprNPe0c3xGFQSlFmRpOzCt1m2yN+xAeh7wjDeRzxT6vs64zgKSBtBnMnaBPBM4ZeR4VusUPKn/wAm8/PzPzqKsgwARHHebGAPHwA+VL+pOTWc01u3bJRrxVgTI2MYM5yKVbd3Q2GJZrckmSdzZ+tNWy+KxVvf0M7fy+pX93T7KKLNS91XnWRuC2ilt8qMLYqQHpRYyreuhVLMQqgSSeBQF01jVISpDkERtbw5BjrGfhUPaDsy9ftAWgSFcG5gldsN+IjjNL2c9nltXbgtSdw43AxBHToMnJzWsI7bPc7vhVkgvVgzPv2vdkpt2wxx6mR+f5UG9qXVNgchCfw7iFJPlME4qz7SaTUfzSWrclyk7N0zJIkzgCBg+R86t9m+y9/Yza23sB/CpcCOCGlTgxOD4V23ULZ9DH/0oyxJKO/a+P3OU7ZhbSDdJuSxXwWcZ86jpLrtoXtgkgXQds4nGY4mge0mg90xZTKN3VyTtycEx1kn51vezXYrPpkfADFmc9egQr06f/1T/ImeTmyzy5W5+x0/8Odddu6a3YuuWRbhUK0HaigFVGOAB8q9BQKkIBCrkgfsK829kra2NQCpJlSWEwI43ceDfpXSaTUXf5i2xIFu/vAj8QO0spIIIghT16is1TlfdicJJaX2+pR7W7eu+8DZ/l2AckEA+hM5BGYrU1XtLaV3sXbdxbksqM6f6Z52kNJy2AJySQKz+0eyWa5sgi3u27yeZEAAeI9KP/66LenfV6q5+J2KtAkJui2EUYkiD45qY6rplOEFHV92ZqAXiba2tlprbb7ibV7xBG0qMkwTnpjxxvaPSjamdoAGOo8vSuTb220i2XXTbmuZZVZGEnqWMfrNcEurY6q0S7Bbl9dyBmCjc4LACfw5OPOtYxa5McmS60nt/a2iuK9m+l1wcBrOCHtiSwzw/gfGBiZrIvdppKNatEM9wAMqiIJ3EsSAQogTI/rrG7U9oL9oX7ltd5tEoNxgIptglxJzBPHXisfsT2gu6uwbVm0q3lALur/iBwSojuExnJqI246l9SoZFq0vttt3PQOw+ylsWm1964TeG8XmLAIBuBMT+FQAvoBWjrO2LLpvS4hAySGBAgzmDivGe1u1NStt9Mdzm4QhkSZPInxIEelYGu9mtTbQM9ggMdsja21sQGgnYTIieelawiqIyTk5br+D6U11i015DcGSO7zyMn8x8qvXAApAAFeQ+1vtB2grjVI62rQUKuwgnMbgwIkyw44wKpXP4k6trawLRfcysSrEyoQiF37QcnpHFKMIt2uRyclSkei6Ps9Ll7UqVVgCCJgiWDT6ckV0fdRZhVEc4HpNeAdrdrXL2kVrjFna8QxOCYG7gR4j6U+p0GotqrXNzI0BR/xJxieeaiMIx3a3tkYnJpxXCPbez9Iri64dWBeFKkHAUA5HBkmn1l33SyQcYnkfE1S/h5plt9maYIIVlZ//ADdj+sfAVt3WwRzjjn54rX01yghKnTBdlqpsKQQ2/cxyP6mJM+gI+VTWyAI4Azk4A8T4YrwbXe12qs6q82nvsim4QFwyRJAO1pExGRmrqe3uuuslq5dX3bMFYBFBYHGT1znzipeNpWKM0tmehdjdiJqf5oXJKG8SCOYLMxAPofI9aq/xK01nTaFvc2lRrrLbJAAJWQTJ6ztrG1nt42guBLVpXVhudXYgg9NriYwDyDyPjzftt7ct2giqLXu9hLHv7pMQIhREZ+dY4sCdTZf9Q3texrexnaB0+ke8MLbu3Gfpvm0qIh8ZZ/pNcNq9UXdncy7NuJ6yTJPzoidoEWHtgnazK5zyVVwJHB/Hz5VU0yljx32IAED0Ax95rpSq2TJ7UekdhO7ae2ztLFZnrzifhFXZqGitbLaIP6VA+QoxrypO2zznyQxSqUUqkW5AvSLeVRU1NVoFuJTTFqL7vzq72Lpt15FPB3f/AAYimt3RcY20mb2pT/RK2NoCqUSfwu5XLt4j965qwtvSwtu7aa+/dVCT3urbVBJVOM9MnwoV72dt6MK9prsK3+qPxK6QdyxESQR9PKqI7R09hmOl0wS8ywPeKbYVf+YiCTJ4x05rpb/ux2rb/h7cYRjjai7XyX0LnZ9ltM3vFtXNTqrn+pf2kSsbdwBMgRgBRPAziut7RtW79m3BIDENIPeHdMT8z8a5DUe1n8nbJjN3IaCWY87cfE/HyqNm0+pyuw2l3BkRpUsywQSMHLE9c+pq4S2dq0/v78ERl6lSbSf3sWu1NBpPd+7Nlr1xgUtWpHfiWDEnEAESx8MCaB2T2lbZv5P3YU21A2HgrtBWOn9xUtfqW0gT3ahds7PIkGSo6k9ay7nbwVl1N9EkoxRR/pk98bhuLREFTtPh14HTimk3aIy8prcu3G04trdtBnVgFHuySbsMBAzPP5VDVJqA9lXcIrKhFvb3rb5IAecjG0g8yfGrnZN7TXrFq/asvbtW2O1VIUAiJkKZMEfHMzXO9tdrNdu3rqI7JZFsqedxV5PxGevUTFKWlKlyZyyTclKnR2PZ1nVQBqGEMWO0BRI3LtOM4WVwTyMk5rnP4qaFv5a1sBhGnaPALHHkG/Oup0ntJpbloXzetbFxuZlG0kTtO4ypIHEZirN3tTQvZ9/cuIUUHbuMKwOCRP4uDA/tRpcd7tmspKaqqXyOH9jvYR7aLrHuByVJVUKlYOCDzuPyAIPMVoXPZYaow1vYyHehI2EEE8QOJ8R0qz2b7U+4S8nuGNkS9hRgkMQrW85BFxpHOGOMCdmb95QwDWibDd+fwyFhSCMsDuHwnrUSack7NYQ0xaS28nI6myiteRXm4GDXNr4Jg24LQwEQDgTIE0uxbW93upaUG9cILHa26MACeQIjMSZNad/T2tg06KotFiLpz71tsGN0zlsn/IObf1JS7a2AELftkKIEb2iJMAd8kT5UYldxZFxjLVF9zD9o7pvpYYbk3MzZ7pAWE46HdI/7DWrd1qJpdMQxYpcQzk72U79rE8k7TE+NZftbrrVrWPaYEiynuYk4IMkkjklix/7vhT6y4p0l4hGhLVliOq3ljaF8ZTYSegI6zXTLCvSSXuXLLGPXy3yejdtdmNcYvaFtkYA/04j15EgH1Ncx7X/w2G0XLDG25G5gZZHeMkj+hiYyJ9K2ex+zrqwBeJR9qi2WwLaIq93duIEQ3dAz5Gr1/wBmL+ra6b2suAgg21RoVE7w4G0EkdY8ea5tSjbjd+w3FNKMmqRw/sf7M72svq0tm0bhQ2wxMXdsBrnQhoUBQSMj0ruO0/Z65vOxlFlekwVBGB5gTA9K8/0ty+UsWLTHe98oZzD2y7K3lta2D6Cu9Or1V1bmzYrC5AVpgoCO9mTJErHHJziSUlKPX5M8PnH7O/v7obt3sO1pNObtnWXNGdvdVTNtmgkD3RlWJPQCTXN9jdudrm0d+3dsmAlsOfPAjg+E+Fa3tFpkS8t24DcY7bdq3yEM52DiT+laWgstctM+1hcRtrWj3SggGAecyOsGKcskr0r+RrDGtV+/g8Z9oOz1tpuj3byBs3EyOpz3gZ86B2S4a7aG2SbiCc47w4g/mDXq+v8AYr+bVndCrqwKxhyRzumZECNojM+VcL2N2DdXV3Lxss9rTX++FHJyygDrAIbw48auM+jqObLhbyaYdy3ruxLl+/fuTthwq7hhhtE7CcE4jr1rAt6dGvpbLC3ubYXYQgzEmBOCDXtvaGj9+gbTXNx92CNx7rAkYkYBHSsy57L6dEa7qbqElSjq5BtkDOxRhpzMjr4c1nHUpV2NFigsaX5jzftz2Ou6dWcMLtlOWA2mCeShJIA4ME8g+Mc/p7p3Bx/SZHqMg12ftLo719Lduy7XkBYiNsMoJCknG6BGepzVTS+xWojfd221Ak5DN8AMfWrU+nqJnFLg6wN1FSDmq1pgFAzgASfLxovvBXlnm0E97SoQI8aVIdBVp486Ft+4pbaBBHWtX2Utzfmfwox69QF/+1YZHmR86n2frzauq4bg5EmCOoIB4q4NKSbKi+pHOfxHFwvrAbt4EXLSrZFwe7ZGtgkm3yWBUkn/AHLTexnZt61bMIpLp3kbBwxiPgRjnFdF2/qPeB2O0SSSBjwMVkdl9tC26M4LbSN0YPEEicAZ8a6ZZlPbsd2XVglFruW7RQqid5rm3vLjueUHg8CuX9qe0L9u7/7a7etlUPvLakrsA4J8V8AeOnNdFpO2bbaggMbQDkMDDFSJ8AwZSR+Icz0ql217QHUEpcRBt3odu4G6h/AwBEqI/wDl0q4RULa5XYJ59UaSqiP8ONt5XCgvfaWvXLhPAPdXfBzEGOufCrnbuiW840rf6BcyCynYGHUeMgkY5JWqre0h09oaTRLbthyzG5t744USvG7EyZkEcUHslbjaq01192SJiBkdfOQOtOTjGamnuP1lJLE+GafsZpTYsXNPqSNoutgeBUD4SRNbGr1ot2jcW2wtL3REQAeMT5jp1oOuRTb1e73bMBCgltxba7rG0jwOD5eFYPst2/dhrOstm7biAwCggZnfkAjiCM0tCk7kzeWVY3oiY/ZnZJua0qVZdKLu5kYwDgwAJ7wnHoY611/tJ2Smsa3pp92offuWPwKsEAcDL/DbXMdq3yJ93cBO6VmdywZUicNEVp6zWt7qxfUOLkg3AqOvIIbJBXZmcHnwquqW98HPjyqKkskTW1t69prT/wApcUOuQrBXDQZMSME/XHFQ9lfavXa+4f8AgpaWNxCHcxPCiXIB6zGKseyPtUl7crW0ZkWdmTkyCwMc4jHjVDTuF1z3EFpN2nk2obYX3DI3Qd+1eTkiYjmpjk6tHfyatxaUo8HS2bnuy1tgC7NM4726QPSNueB1rkO19EL3u7DLO9NvdyxYOwXPXvOT16VS7a9o7gcPt2qkyZG8n/l8PDEePiauab3y2R2oCotoSiKm0srNcCs8tEiZ+MGcAjXHtu3yTLPGfTFcfUXY3shpLGnf+bYnWtuCpbP/AOMVJAds7WJIBmDg48a09R2Rv0pW6YLJNpba+7QllwwXJJJJ5JiayfaHty1q1CsrBLLMie73Bucy45kdJ49Jqxd9q7Y9zZtXWNu2VWW3ASABwcQOZpy1buyVkxxe6s3NR7U3dGiG9pC7YH+m+VJxEFJgnAjyrd0vbtwIXSxsuMoLWyd5HMbjwvpWBptbbc/zd19wQYO6Eny6Y6eZ+WX7J9qNs1N0s23fO85WGl4YcgrJHpFQ5TapHQ3jUlb5OR7Y7TfaRm3d9+907DGwsWBAIzkN49at9kfxD1lldpKXQMDeveH/AHKQT6mTWF7R6mbruhBt3GLKTzzmfAzOK0NB2FZeCLrK3uved4AkyJCxgAcHd4V0x0xijgbak68nVezntVd1faGmF5Laor7ztDTI4mTxkCI8K9D7S1V19Uy2x/psklwJ2lQ0ll65KwD58zjx7+HLWn1m58KlotM9ZUD4ZOfGK9F7SuXr1m5c0rta1KqQjYHvEmQpnGY64zNZZclSpHTgi3HUzT0x19wMLBWyzBmYv/qQAQtsJ0BKmSSDG3g1g9q+093R9nEC2DqLrndcG33e5sbyPIKAABGBxQf4be0ms26ttWWYjYLasFQKTukyBHMT4RXVdn21e7csun4rWV7pDLMEicRBgnzHlWbbUlva7m1qUG6rwee9i+2bttVdRb0hRWJFwAo5knDMCAM/hwR/urtPYfW6bXi77z3VxrQglRClnMsygwZIRc54Ga8g/iL7Pto9UyATbMshndCz+EmOnEnmtj2Ob+W7O1t7ru25xkIIH/k8fCqyJVd3fYzhOTajw13XJ1Gg1tp7nvLJHu95AAxA3REV0l59qEwDCkweD615J7G3mJYr3UkAj/d0x5D8xXql65/7e4eD7to9dprOaptIyU3NSsptoFuAvaGR+JDyP+n/AJhWWyxzVXS6p0g7+9zIx+9aw1Iv4YhbnRuj+o6GuR1L3OKrKkClTXNLdBI922PBSR8wKVRTFTHOrj96b+bJ6VXNykLpjkeNFCCFz1ioNPhTe/8AuKdW+J++lA0iBA6ieuahtE/mIirBb0qBbwx8qCgYQTIAU+NIopOVk+P3miPHWmickU7AEumDEYEzif3q6OzDbabltiOZVvr1oQtz0q1Y1TqIDsB4c/nOKafk1xuC/EZ2r7L05ublGo65VJweQZzWlo+xbV3uWUuMxGQVYAevQfGrKdtXAIJB9V/apWO3dQhlGCnxCz+vFaRnvuzqU8XO1+z/ANljsr+G5t3PeXvcXBAhH3FQ3UsBG7yE/Ou2udkW7qBbyW3gcKsLHhE8eVefdo9s37twP75lj+lcL8QZmavaX2nuryAfTcJ+ZNdMc0F3Zm8sWdVb9mdKjsy2lDNycnA4An8I9I4rz/8AirZSxdte6Ta9xSzXQW3QsKFGYAg5/wA101n21I/FZn0b9wa5T25c69kdO4VBENxBjqB4irWbHqslyi1yeds7BpmSepzPjM16D2RafV6YJ7v3aW0K2N7KUhmUsQNgYnuRuLHnjFcj/wCg3wOFbzDfoYr0ns7ta3asJb2nuIBEeAoy5Y10l4IRk3bRh6T2Juu/uwLa7uWnaPXu5Natz+F26SdUrMWLH/SgAkAYIaeFFXbPtSlpWAtu27O1MZHQkwKE/t6yjuaPP+58fQZqYTgo7vkjJjhF1e37mL2p/DbU27Ll7q3LYO5bY94SI6qDgc5MfGuf0Vp7CXLdlkZLwAvBhwIYbJ2yY3T9zXXa/wDiDrWRlS3aQkQDtYx8zmuY03bYlBd06hgpUsshWxgxH4vE+fxpynFrpI2u0yx7J9j6azeL3VLgAbF27gTOSQeoAEHzNBu6UtqxfY8OD+GAqBuIHI29PhRbbkj8Q+tHWPKuZ5GRrdUZ/tN2FbGp97oX2KVz7qUAbceOOQRjyqwntBdtolsb3uD8TNbyxJXEjEAFvgBOcVbY+keWKfd5Cn6zfJcc0k7Rd7E1BTSXL98ATeP1IC7j/wBR+UVmdi9t6h7wk7LhJAuBgAq+UqwjHWZq7Z1MWntEBkeZUiQZAB/Kq38sjDawBHgQIpLIavNsq/Up9q9rXPfu772uWpQAhTME5JVVWM4BHxNdL237I7tCtt2ddxD3I2gAjMAwQR4DkkcjisuzoLYKnb3QwJA6iciPOui9pO1rWote7toVO8EsRGAAYwckt+VbLIuWCyrdnJBLNtbaWiCi+HHTk+JiZrqda5/l3IUqGWAfUx881gPokIjH1FNodAlpdqEqs/hkkT4wTFY61uzNZeduQYtk+Pyqa2QDmrYTzNR21gzAsW+1rigAMYHlP1ilQdopUamO2UFf7mnc44/Kgg586ky+MigzJoactngfGhsk4FSC+NIoJ1+/0qYifCoIvrRktnzmgCSGKcKPCnGKIHPiPpSGD2jwqDgeH1owf0pmI60xgSwFQL0ckGobKdgREUgak2KS1VjESKdQscx9agQeMATTuMczSsY7tjmoO2KgH8qYif8AFAhluR6etTV/SoKPMj40RbnQZBPWnYC3jrmaGbY9antHhFMhjiixDW+uKmPIYpwwPhHxpbvD96TYCdMcRQgPl86mOak4pWAMn5eNPbakHH2KZHzj6VQFtXpM9AV/uKmSM07KCpnmnKihAxxUlPl9f70mxDlqjH3mpN6VFjHWpbBin1pUIt50qQqKy3PL4zTbpzzQgPjREk+n38+KCBfX8qJbT7inRIoqn4Uh0StrRQx8aErU7CaBhJ86cnzFDVRS29QZpDJGaQjyqJE4pynSgCStnpUyJzQveDw+/wBacj7PSnYyCrPiI/WmIjiaJtNQbPNNMTITTEUyiMikxafH79adiIuaHZucxIprnx+H3nmp20FIEw4E9aiwIMTI8qYr9inKnAmKVljMtJgRz+VTReTOKa4TyB86aYhLFJfSfpUBJn7/AC5p89aGwJP0xHxOahHwolsDrkUpBwIiiwAKwmp+efWndB5Uktk4AHzosEOrzyZ9aKoj7xULaAeXlRQ3HT4UWIYN50/NSKioFvjSsBRUXFNceJNRQg9ZoEIKfsUqJFKmBnI8xA5/KrApUqTAZm6VML9/f3ilSpDJg1NfSlSpDHY1GSTilSpgIGKiC3jTUqADIPiKmIFKlUgMXoJuTSpVaJB7zNBN7MfWlSpgRNzrU1fE80qVAFm3en4VAtJpUqgsmE+XlUGBMdBSpUIGOi+fX7/KpMJ65pUqLAGvmPv7/Ope9/2+nxpUqYibOfARNCZhyaelTEIOOaNbcfOnpUCJNxQdwNKlQMXusYpto86alQIcW56/SmpUqAP/2Q=="
1986,Argentina,West Germany,https://www.aljazeera.com/wp-content/uploads/2022/10/AP761775293235.jpg?resize=1800%2C1800
1982,Italy,West Germany,https://sc0.blr1.digitaloceanspaces.com/large/881809-ttadtsawgq-1528802953.jpg
1978,Argentina,Netherlands,https://i.ebayimg.com/images/g/R6cAAOxyhtpR6tLU/s-l400.jpg
1974,West Germany,Netherlands,https://i.guim.co.uk/img/static/sys-images/Football/Pix/pictures/2008/09/19/germany74476.jpg?width=465&dpr=1&s=none&crop=none
1970,Brazil,Italy,https://americasquarterly.org/wp-content/uploads/2022/10/GettyImages-1227541383-scaled.jpg
1966,England,West Germany,https://i.guim.co.uk/img/media/325f7b298e9d48e23cedc77055ca56bdba2ec5d1/0_0_2886_1883/master/2886.jpg?width=620&quality=85&auto=format&fit=max&s=10fb3d0210e7d35800a9319ecc6d5c51
1962,Brazil,Czechoslovakia,https://ss-i.thgim.com/public/incoming/ujv8ci/article65946131.ece/alternates/FREE_1200/image%202.jfif
1958,Brazil,Sweden,https://i0.wp.com/thesefootballtimes.co/wp-content/uploads/2015/05/pelebrazil.jpg?fit=1600%2C1138&ssl=1
1954,Germany,Hungary,https://upload.wikimedia.org/wikipedia/commons/f/ff/L%27%C3%A9quipe_d%27Allemagne_championne_du_monde_de_football_en_1954.jpg
1950,Uruguay,Brazil,https://upload.wikimedia.org/wikipedia/commons/3/38/Urug1950.jpg
1938,Italy,Hungary,https://upload.wikimedia.org/wikipedia/commons/thumb/3/3e/Italy_v_Hungary_WC_1938_%282%29.jpg/1920px-Italy_v_Hungary_WC_1938_%282%29.jpg
1934,Italy,Czechoslovakia,https://upload.wikimedia.org/wikipedia/commons/0/09/Italy_celebrating_1934.jpg
1930,Uruguay,Argentina,https://upload.wikimedia.org/wikipedia/commons/thumb/d/d5/Uruguay_national_football_team_1930.jpg/375px-Uruguay_national_football_team_1930.jpg
2018,France,Croatia,https://upload.wikimedia.org/wikipedia/commons/e/e5/France_champion_of_the_Football_World_Cup_Russia_2018.jpg
2022,Argentina,France,https://media.npr.org/assets/img/2022/12/18/gettyimages-1450109553_custom-31cec7915f37a0c9c2bba2a83059053bea07f381.jpg
,,,
